{"web":{"client_id":"1047651366452-32ph4ndul3s5caub46t3nbue3p5e5uha.apps.googleusercontent.com",
	"project_id":"trackstatsk",
	"auth_uri":"https://accounts.google.com/o/oauth2/auth",
	"token_uri":"https://accounts.google.com/o/oauth2/token",
	"auth_provider_x509_cert_url":"https://www.googleapis.com/oauth2/v1/certs",
	"client_secret":"PNwEP-rCdeP8rBreZ8oWjUle",
	"redirect_uris":["https://trackstatsk.cloudapp.net/usr/loginac","http://localhost:8080/usr/loginac/"],
	"javascript_origins":["http://trackstatsk.cloudapp.net","http://localhost:8080","https://trackstatsk.cloudapp.net"]}}
